dish_id,dish_name,dish_price,r_id
1,豬肉咖哩,100,1
2,蔬菜咖哩,110,1
3,雞肉咖哩,110,1
4,牛肉咖哩,120,1
5,黃金豬排咖哩,120,1
6,鍋燒麵(冬季限定),120,1
7,咖哩鍋燒麵(冬季限定),120,1
8,蔬菜拼牛肉,130,1
9,蔬菜拼豬肉,130,1
10,蔬菜拼雞肉,130,1
11,蔬菜拼魚,130,1
12,蔬菜拼雞塊,130,1
13,牛+雞咖哩雙拼,130,1
14,豬+牛咖哩雙拼,130,1
15,雞+豬咖哩雙拼,130,1
16,牛+魚咖哩雙拼,130,1
17,豬+魚咖哩雙拼,130,1
18,雞+魚咖哩雙拼,130,1
19,單點豬排,60,1
20,日式雞塊,50,1
21,可樂餅,40,1
22,咖哩醬,60,1
23,糖心蛋拉麵,199,2
24,豚骨拉麵,169,2
25,蔬菜拉麵,209,2
26,海苔拉麵,209,2
27,豪華拉麵,209,2
28,叉燒拉麵,299,2
29,特製拉麵(雙倍麵),139,2
30,麵類咖哩飯套餐,50,2
31,麵類蔥叉燒飯套餐,50,2
32,麵類可樂餅+炸薯條套餐,60,2
33,麵類香酥炸機+炸薯條套餐,60,2
34,麵類沙拉套餐,60,2
35,麵類迷你沙拉套餐,30,2
36,溏心蛋豆漿麵,169,2
37,豆漿麵,139,2
38,蔬菜豆漿麵,179,2
39,豪華豆漿麵,259,2
40,炸薯條,40,2
41,炸薯條(大),75,2
42,迷你沙拉,30,2
43,日式和菓子,70,2
44,炸雞排咖哩飯,149,2
45,咖哩飯,99,2
46,可樂餅咖哩飯,129,2
47,起司咖哩飯,139,2
48,炸雞塊咖哩飯,149,2
49,炸豬排咖哩飯,159,2
50,後切炸豬排咖哩飯,199,2
51,水果咖哩飯,149,2
52,豚雞沾麵基本,220,3
53,豚雞沾麵味玉,250,3
54,豚雞沾麵肉盛,280,3
55,豚雞咖哩沾麵基本(限週一三五),240,3
56,豚雞咖哩沾麵味玉(限週一三五),270,3
57,豚雞咖哩沾麵肉盛(限週一三五),300,3
58,豚雞煮干沾麵基本(限週二四六),240,3
59,豚雞煮干沾麵味玉(限週二四六),270,3
60,豚雞煮干沾麵肉盛(限週二四六),300,3
61,炸蝦拼盤,120,3
62,豪華豬排,80,3
63,鮮蝦可樂餅,80,3
64,唐揚雞,100,3
65,炸蝦咖哩飯,160,4
66,豬排咖哩飯,180,4
67,唐揚炸雞咖哩飯,180,4
68,豬排咖哩烏龍麵,180,4
69,唐揚炸雞咖哩烏龍麵,180,4
70,炸蝦咖哩烏龍麵,190,4
71,烏龍冷麵(小),90,4
72,烏龍冷麵(大),130,4
73,柴魚高湯烏龍麵(小),110,4
74,柴魚高湯烏龍麵(大),150,4
75,鮮蝦柴魚高湯烏龍麵(小),140,4
76,鮮蝦柴魚高湯烏龍麵(大),180,4
77,炸蝦烏龍麵(小),190,4
78,炸蝦烏龍麵(大),230,4
79,炒烏龍麵,180,4
80,蔥鹽牛五花丼,140,4
81,蔥鹽豬肉丼,140,4
82,炸豬排丼,180,4
83,炸蝦丼,200,4
84,日式炸雞塊丼(椒麻/蒜檸/蜂蜜芥末/相沿/橙醬),120,5
85,日式炸鯛魚排丼(椒麻/蜂蜜芥末),120,5
86,日式炸豬排丼,130,5
87,日式和風鯖魚丼,130,5
88,家傳風味豬腰肉丼(椒麻/蜂蜜芥末/台味/原味),130,5
89,家傳清蒸鯛魚排定食(晚餐),160,5
90,韓式炸雞塊丼,140,5
91,咖哩麻婆豆腐豬腰肉丼,150,5
92,咖哩麻婆豆腐炸豬排丼,150,5
93,咖哩麻婆豆腐炸雞塊丼,150,5
94,厚宅豬排咖哩,160,6
95,蘇嫩魚排咖哩,160,6
96,啾西炸雞咖哩,140,6
97,豬雞雙拼咖哩,190,6
98,厚宅咖哩,110,6
99,厚宅豬排丼,10,6
100,酥嫩魚排丼,150,6
101,啾西炸雞丼,140,6
102,犇跑吧牛丼,130,6
103,小鮮肉豚丼,110,6
104,嫩雞親子丼,110,6
105,厚宅豬排單點,80,6
106,酥嫩魚排單點,80,6
107,啾西炸雞單點,60,6
108,紓壓起司條,60,6
109,這圈有洋蔥,60,6
110,蔬菜可樂餅,40,6
111,樂咖薯條,60,6
112,厚切薯塊,60,6
113,胖滋薯餅,35,6
114,豬肉銅盤烤肉,200,7
115,牛肉銅盤烤肉,220,7
116,羊肉銅盤烤肉,220,7
117,雪花牛排石盤烤肉,350,7
118,烤帶骨牛小排石盤烤肉,350,7
119,烤無骨牛小排石盤烤肉,300,7
120,肥牛五花石盤烤肉,250,7
121,肥羊五花石盤烤肉,250,7
122,豬五花肉石盤烤肉,250,7
123,豬梅花肉石盤烤肉,250,7
124,烤雞腿肉石盤烤肉,220,7
125,辣炒年糕,150,7
126,炸醬年糕,150,7
127,炒粉絲,180,7
128,辣炒魷魚,200,7
129,泡菜炒五花肉,200,7
130,煎鯖魚,200,7
131,泡菜煎餅,180,7
132,海鮮煎餅,200,7
133,咖哩海鮮煎餅,220,7
134,韓國燒酒,200,7
135,韓國米酒,250,7
136,烤牛肉飯,100,7
137,烤豬肉飯,100,7
138,烤羊肉飯,100,7
139,烤雞腿肉飯,100,7
140,蔬菜拌飯,100,7
141,炸醬飯,100,7
142,海鮮炸醬飯,130,7
143,石鍋拌飯(牛/豬/羊),130,7
144,煎鯖魚飯,130,7
145,泡菜炒飯,130,7
146,辣炒魷魚飯,130,7
147,炒粉絲飯,130,7
148,烤無骨牛小排飯,150,7
149,烤帶骨牛小排飯,180,7
150,泡菜辛拉麵,100,7
151,炸醬麵,100,7
152,海鮮炸醬麵,130,7
153,買鮮炒碼麵(湯/乾),150,7
154,韓式涼湯麵,150,7
155,辣涼乾拌麵,150,7
156,辣海鮮豆腐鍋,130,7
157,辣泡菜海鮮鍋,130,7
158,韓式大醬湯鍋,130,7
159,辣馬鈴薯排骨湯,130,7
160,蛤蜊豆腐鍋,130,7
161,辣魚片鍋,130,7
162,人蔘雞,380,7
163,部隊鍋,400,7
164,海鮮鍋,500,7
165,海鮮豆腐鍋+飯,160,8
166,海鮮泡麵,140,8
167,牛肉泡麵,150,8
168,韓式炸醬(飯/麵),160,8
169,石鍋拌飯(牛/豬),180,8
170,石鍋拌飯(素),160,8
171,韓式拌飯(牛/豬),170,8
172,韓式拌飯(素),150,8
173,韓式大將湯+飯,170,8
174,豬肉泡菜鍋+飯,170,8
175,辣牛肉湯+飯,190,8
176,韓式炒牛肉+飯,190,8
177,韓式炒豬肉+飯,180,8
178,春川炒雞+飯,180,8
179,辣炒年糕,190,8
180,辣炒年糕泡麵,210,8
181,韓式醬油炸雞,200,8
182,韓國燒酒,220,8
183,韓國啤酒,90,8
184,韓國飲料,50,8
185,五花肉,299,9
186,薄片五花肉,299,9
187,梅花遮朱,350,9
188,銅盤烤豬,450,9
189,霜降松阪豬,450,9
190,香酥原味炸雞,430,9
191,半半炸雞,450,9
192,韓式辣味炸雞,480,9
193,起司辣醬炸雞,550,9
194,我愛豬五花套餐,499,9
195,酒肉朋友套餐,699,9
196,想吃豬肉套餐,999,9
197,雙人吃到飽,1299,9
198,一起吃討餐,2299,9
199,釜山魚板湯,150,9
200,辣炒年糕,180,9
201,韓式起司蒸雞蛋,200,9
202,泡菜豬肉鍋,200,9
203,大醬海鮮鍋,200,9
204,嫩豆腐海鮮鍋,200,9
205,烤牛肉湯鍋,200,9
206,牛肉石鍋拌飯,200,9
207,豬肉石鍋拌飯,200,9
208,海鮮炒碼麵,230,9
209,韓式水冷麵,230,9
210,韓式冷拌麵,230,9
211,泡菜煎餅,250,9
212,起司拉麵年糕,330,9
213,海鮮蔥煎餅,350,9
214,辣炒豬肉,350,9
215,辣炒魷魚,350,9
216,起司辣炒春雞,450,9
217,部隊鍋,480,9
218,人參雞湯,580,9
219,海鮮泡麵,150,10
220,海鮮豆腐鍋+飯,180,10
221,豬肉泡菜鍋+飯,180,10
222,韓式拌飯,190,10
223,石鍋拌飯,200,10
224,牛肉砂鍋+飯,200,10
225,人參雞腿湯+飯,200,10
226,韓式辣牛肉湯+飯,200,10
227,癢不拉雞(水煮雞胸肉),100,11
228,氣噗噗雞(氣炸雞胸肉),110,11
229,小豬里肌(香煎里肌肉),100,11
230,好餵滷肉飯,90,11
231,阿罵a滷牛腱,130,11
232,鯖鯖魚仔,100,11
233,紅麴塔香菇菇,110,11
234,勃根地松露烤雞,145,12
235,低溫舒肥嫩雞餐-墨西哥風味舒肥雞,149,12
236,哈妮BBQ烤雞腿,129,12
237,炙燒松阪豬,139,12
238,乾煎功夫鱸魚,139,12
239,主廚醬燒牛肋,149,12
240,經典雙拼-玫瑰岩鹽烤雞+薑汁燒肉片,149,12
241,九九特餐-薑汁燒肉片,99,12
242,玫瑰岩鹽烤雞,129,12
243,小茴香烤鮑菇,110,12
244,五九乾麵(小),40,13
245,五九招牌麵(小),50,13
246,怪味蔥醬麵(小),50,13
247,仙姑羅勒麵(小),60,13
248,麻辣湯麵(小),60,13
249,酸菜肉絲湯麵(小),70,13
250,香菇雞湯麵(小),90,13
251,麻辣雪花牛肉麵(小),100,13
252,牛丼飯(小),80,13
253,打拋豬飯(小),90,13
254,貢丸湯,30,13
255,青菜豆腐湯,30,13
256,虱目魚丸湯,30,13
257,花枝丸湯,30,13
258,嘴邊肉湯,50,13
259,五九乾麵(大),55,13
260,五九招牌麵(大),65,13
261,怪味蔥醬麵(大),65,13
262,仙姑羅勒麵(大),75,13
263,麻辣湯麵(大),75,13
264,酸菜肉絲湯麵(大),85,13
265,香菇雞湯麵(大),105,13
266,麻辣雪花牛肉麵(大),115,13
267,牛丼飯(大),90,13
268,打拋豬飯(大),100,13
269,招牌水餃(每粒),5,14
270,韭菜水餃(每粒),5,14
271,鮮蝦水餃(每粒),7,14
272,肉片麵/粄條,75,14
273,招牌麵/粄條,75,14
274,鮮肉餛飩麵/粄條,60,14
275,韭菜餛飩麵/粄條,60,14
276,鮮蝦餛飩麵/粄條,80,14
277,綜合餛飩麵/粄條,80,14
278,鮮肉紅油抄手麵,70,14
279,韭菜紅油抄手麵,70,14
280,鮮蝦紅油抄手麵,85,14
281,綜合紅油抄手麵,85,14
282,鮮肉餛飩湯,50,14
283,韭菜餛飩湯,50,14
284,鮮蝦餛飩,70,14
285,綜合餛飩,70,14
286,鮮肉紅油抄手,60,14
287,韭菜紅油抄手,60,14
288,鮮蝦紅油抄手,80,14
289,綜合紅油抄手,80,14
290,豬肝湯,30,14
291,酸辣湯,30,14
292,豬肝麵,60,14
293,紅燒牛肉湯餃,50,14
294,牛肉湯餃10顆,80,14
295,牛肉湯餛飩,70,14
296,牛肉湯餛飩麵,80,14
297,酸辣湯餃10顆,80,14
298,酸辣湯麵,55,14
299,榨菜肉絲麵,55,14
300,炸麻雙醬麵,65,14
301,韓式榨醬麵,55,14
302,宜蘭乾麵,45,14
303,乾板條,45,14
304,紅油辣麵,45,14
305,麻醬麵,45,14
306,福州乾麵,35,14
307,滷肉飯,30,14
308,麻辣牛肋排麵,135,15
309,麻辣雙響麵,135,15
310,麻辣牛肚麵,135,15
311,麻辣牛肉麵,125,15
312,麻辣炸豬排麵,105,15
313,麻辣獅子頭麵,105,15
314,麻辣牛肉湯麵,80,15
315,麻辣牛肉湯餃,90,15
316,紅燒牛肋排麵,135,15
317,紅燒雙響麵,135,15
318,紅燒牛肚麵,135,15
319,紅燒牛肉麵,115,15
320,紅燒炸豬排麵,100,15
321,紅燒獅子頭麵,100,15
322,紅燒牛肉湯麵,65,15
323,牛肉湯餃(韭菜),80,15
324,炸醬麵,70,15
325,紅酒牛腩飯,90,15
326,香煎牛腩飯,100,15
327,蝦醬乾拌麵+貢丸湯,100,15
328,榨菜肉絲飯/麵,65,15
329,獅子頭飯/麵,85,15
330,燻里肌/麵,85,15
331,炸豬排飯/麵,90,15
332,白菜肉絲飯/麵,90,15
333,無錫小排飯/麵,100,15
334,德國豬腳飯/麵,100,15
335,燻櫻桃鴨胸飯/麵,100,15
336,牛肉水餃,7,16
337,高麗菜豬肉水餃,5,16
338,韭菜豬肉水餃,5,16
339,鮮蝦水餃,8,16
340,紅燒牛肉麵,120,16
341,番茄牛肉麵,120,16
342,牛肉湯麵,60,16
343,酸辣麵,75,16
344,炸醬麵,75,16
345,番茄麵,75,16
346,牛肉清湯餃(牛),90,16
347,番茄湯餃,90,16
348,牛肉清湯餃(豬),80,16
349,豬肉清湯餃,70,16
350,酸辣湯餃,90,16
351,牛肉湯,90,16
352,牛肉清湯,30,16
353,酸辣湯,40,16
354,番茄湯餃,40,16
355,豆腐蛋花湯,40,16
356,蛋花湯,35,16
357,紫菜蛋花湯,35,16
358,青菜番茄豆腐蛋花湯,55,16
359,豆腐湯,35,16
360,貢丸湯,30,16
361,番茄麵,80,17
362,牛肉麵,120,17
363,番茄牛肉麵,130,17
364,榨菜肉絲麵,80,17
365,番茄肉絲麵,90,17
366,酸辣麵,80,17
367,牛肉湯麵,70,17
368,炸醬麵,80,17
369,豬肉醬拌麵,80,17
370,番茄牛肉湯麵,80,17
371,酸辣湯餃,90,17
372,牛肉湯餃,80,17
373,番茄湯餃,90,17
374,番茄牛肉湯餃,90,17
375,水餃,5,17
376,番茄湯,40,17
377,牛肉湯,90,17
378,番茄牛肉湯,100,17
379,榨菜肉絲湯,35,17
380,番茄肉絲湯,45,17
381,番茄牛肉清湯,35,17
382,牛肉清湯,30,17
383,牛肉一份,70,17
384,番茄燴餅,80,17
385,牛肉燴餅,120,17
386,番茄牛肉燴餅,130,17
387,牛肉湯燴餅,70,17
388,蔥油餅,35,17
389,木須炒麵,90,17
390,肉絲炒麵,80,17
391,素炒麵,80,17
392,肉絲炒餅,80,17
393,木須炒年糕,110,17
394,肉絲炒年糕,90,17
395,酸辣湯,35,17
396,蛋花湯,35,17
397,青菜豆腐湯,35,17
398,乾拌麵(小),35,18
399,麻醬麵(小),35,18
400,肉臊麵(小),35,18
401,炸醬麵(小),35,18
402,麻將乾拌麵(小),45,18
403,滷肉飯(小),30,18
404,餛飩麵,55,18
405,福州魚丸麵,55,18
406,香菇貢丸麵,55,18
407,三色麵,65,18
408,綜合麵,75,18
409,榨菜肉絲麵,55,18
410,酸辣湯麵/飯,60,18
411,花枝丸麵,55,18
412,紅燒/番茄牛肉麵,110,18
413,紅燒牛肉湯麵,70,18
414,牛肉湯餃,80,18
415,酸辣湯餃,75,18
416,高麗菜豬肉水餃,5,18
417,韭菜豬肉水餃,5,18
418,餛飩湯,30,18
419,福州魚丸湯,30,18
420,香菇貢丸湯,30,18
421,三色湯,40,18
422,綜合湯,55,18
423,花枝丸湯,30,18
424,青菜湯,30,18
425,蛋包湯,25,18
426,榨菜肉絲湯,30,18
427,酸辣湯,35,18
428,紅燒/番茄牛肉湯,90,18
429,餛飩牛肉清湯,70,18
430,紅油抄手,40,18
431,白油抄手,40,18
432,麻辣抄手,50,18
433,乾拌麵(大),55,18
434,麻醬麵(大),55,18
435,肉臊麵(大),55,18
436,炸醬麵(大),55,18
437,麻將乾拌麵(大),65,18
438,滷肉飯(大),40,18
439,茄汁炒飯,75,19
440,肉絲炒飯,85,19
441,生炒牛飯,90,19
442,廣州炒飯,90,19
443,叉燒炒飯,95,19
444,蝦仁炒飯,95,19
445,蒜頭炒飯,95,19
446,波羅炒飯,95,19
447,腊味炒飯,95,19
448,蒜香雞柳炒飯,95,19
449,滑蛋蝦仁飯,105,19
450,滑蛋牛肉飯,105,19
451,星洲炒米粉,110,19
452,乾炒牛河粉,110,19
453,港式羅漢炒麵,95,19
454,台式羅漢炒麵,90,19
455,港式肉絲炒麵,95,19
456,台式肉絲炒麵,90,19
457,港式蝦仁炒麵,95,19
458,台式蝦仁炒麵,90,19
459,港式廣州炒麵,95,19
460,台式廣州炒麵,90,19
461,港式叉燒炒麵,95,19
462,台式叉燒炒麵,90,19
463,港式牛肉炒麵,100,19
464,台式牛肉炒麵,95,19
465,羅漢撈麵,95,19
466,肉絲撈麵,95,19
467,廣州撈麵,95,19
468,蝦仁撈麵,95,19
469,叉燒撈麵,95,19
470,雞柳撈麵,95,19
471,牛肉撈麵,100,19
472,羅漢上素,95,19
473,廣州燴飯,95,19
474,蝦仁燴飯,95,19
475,叉燒燴飯,95,19
476,雞柳燴飯,95,19
477,免治牛飯,100,19
478,蠔油牛飯,100,19
479,自助餐,,20
480,墨式鐵板蔬菜飯,280,21
481,麻油天貝菇菇飯,270,21
482,日出好炒豆腐飯,270,21
483,南瓜天貝飯,280,21
484,水果慕斯碗,285,21
485,起士通心粉,250,21
486,番茄筆管麵,275,21
487,早午餐拼盆,280,21
488,莎莎漢堡,280,21
489,瑞扣塔起士漢堡,275,21
490,酪梨佐芒果辣醬漢堡,285,21
491,家鄉風味烤馬鈴薯,195,21
492,BBQ墨西哥捲餅,150,21
493,芒果辣醬菇菇捲餅,150,21
494,墨式辣椒黑豆捲餅,150,21
495,玉米脆片和莎莎醬,160,21
496,美味蛋白質沙拉,250,21
497,不是燻鮭魚沙拉,245,21
498,恰恰凱薩沙拉,215,21
499,季節例湯,170,21
500,椰香豆漿芋泥燉飯,255,22
501,法式松露醬燒焗烤筆尖麵,390,22
502,港式四季豆香炒橄欖菜飯,270,22
503,西班牙黃金海鮮燉飯,270,22
504,印度拉薩香薯炒飯,360,22
505,港式燈籠淑香酥炒飯,360,22
506,新德里腰果炒飯,290,22
507,西西里焗烤鮮筆尖麵,215,22
508,半月彎焗烤奶油南瓜筆尖麵,215,22
509,半月彎焗烤奶油南瓜飯,215,22
510,福爾摩沙榨菜燻肉義大利麵,215,22
511,橄欖油蒜味辣椒麵,85,23
512,香辣青醬蔬菜麵,95,23
513,蘑菇培根麵,105,23
514,義式肉醬麵,115,23
515,清檸鯛魚麵,125,23
516,香蒜白酒蛤蜊湯麵,125,23
517,奶油蔬菜雞肉麵,110,23
518,奶油培根麵,120,23
519,奶油鯛魚麵,125,23
520,奶油起司蛤蜊麵,130,23
521,奶油海鮮麵,145,23
522,奶油青醬雞肉麵,125,23
523,松子青醬蛤蜊麵,130,23
524,香辣青醬海鮮麵,145,23
525,番茄蔬菜雞肉麵,110,23
526,辣味番茄培根麵,120,23
527,番茄海鮮麵,145,23
528,墨魚醬黑麵,165,23
529,貓頭鷹雙起式牛肉堡,290,24
530,愛荷華藍起司雞肉堡,250,24
531,暗光鳥咕咕起司牛肉堡,290,24
532,卜派太陽蛋牛肉堡,310,24
533,辣味BBQ雞肉絲堡,250,24
534,加州陽光堡,220,24
535,蒂芬妮皮拿堡,290,24
536,墨西哥辣鮪魚三明治,240,24
537,貓頭鷹總匯三明治,250,24
538,挪威燻鮭三明治,320,24
539,貓王三明治,210,24
540,青醬松子雞肉帕尼尼,240,24
541,明太子炸鮮蝦帕尼尼,290,24
542,米蘭炸雞番茄義大利麵,260,24
543,地中海蛤蜊義大利麵,270,24
544,明太子燻鮭魚義大利麵,290,24
545,青醬奶油蟹肉義大利麵,290,24
546,青醬奶油雞肉義大利麵,260,24
547,魚子醬花枝蛤蜊義大利麵,270,24
548,書時田園義大利麵,230,24
549,牛肝菌野菇奶油燉飯,270,24
550,雞肉鮮蔬奶油燉飯,260,24
551,經典雞肉凱薩沙拉,180,24
552,燻鮭魚凱薩沙拉,260,24
553,焦糖暖水果沙拉,210,24
554,嫩肩牛排沙拉,280,24
555,墨西哥鮪魚沙拉,240,24
556,薩瓦瑪格麗特薄餅比薩,220,24
557,BBQ夏威夷燻雞薄餅比薩,230,24
558,經典西西里臘腸薄餅比薩,240,24
559,羅樂野菇鮮蝦薄餅比薩,270,24
560,蒜味野菇蔬菜細扁麵,130,25
561,蒜香燻香腸細扁麵,130,25
562,柚香飛魚卵細扁麵,130,25
563,鐵板肉醬麵,130,25
564,辣味塔香嫩雞細扁麵,150,25
565,奶油培根起士麵,160,25
566,香酥豬排茄汁麵,160,25
567,焗烤波隆那肉醬香腸造型麵,160,25
568,蒜香燻鴨胸細扁麵,160,25
569,白酒蛤蜊麵,160,25
570,羅勒燻鴨胸細扁麵,180,25
571,奶油燻鮭魚細扁麵,200,25
572,塔香茄汁海鮮細扁麵,230,25
573,羅勒嫩雞燉飯,160,25
574,石鍋香草檸檬雞腿飯,230,25
575,黑松露野菇雞肉燉飯,230,25
576,石鍋香肩骰子牛肉飯,280,25
577,紅酒牛肉飯,280,25
578,奶油野菇燉飯,130,25
579,南瓜蔬菜燉飯,180,25
580,醬烤西班牙豬排帕里尼與太陽蛋,280,26
581,主廚特製辣醬烤雞腿帕里尼與歐姆蛋,280,26
582,蘇草香堤迷你牛餐包與帕里尼,280,26
583,美式漢堡肉起士帕里尼與太陽蛋,280,26
584,瑪格莉特帕里尼,180,26
585,田園蔬菜帕里尼與嫩炒雞蛋,200,26
586,巴伐利亞帕里尼與太陽蛋,210,26
587,加州俱樂部帕里尼與歐姆蛋,210,26
588,夏威夷醬烤豬肉帕里尼與太陽蛋,240,26
589,一時羅勒牛肉帕里尼與太陽蛋,240,26
590,墨西哥機帕里尼嫩炒雞蛋,240,26
591,西班牙醬烤豬排飯,240,26
592,香堤醬炒牛肉飯,240,26
593,起司培根牛肉堡,200,27
594,香濃花生牛肉堡,200,27
595,風暴騎士牛肉堡,200,27
596,墨西哥辣牛堡,200,27
597,BBQ奔牛堡,200,27
598,DOUBLE JUMBO,260,27
599,TRIPLE JUMBO,330,27
600,法式鄉村雞肉堡,200,27
601,蒙特婁烤雞腿堡,200,27
602,態勢雞柳堡,200,27
603,莎莎雞柳堡,200,27
604,酥炸鮮魚堡,200,27
605,韓式烤豬肉堡,200,27
606,甜心包娜娜比薩,190,27
607,花蘋比薩,190,27
608,瑪格莉特比薩,160,27
609,野蔬比薩,190,27
610,火辣牛肉場比薩,200,27
611,法式雞肉比薩,200,27
612,奶油培根義大利麵,180,27
613,奶油雞肉義大利麵,180,27
614,奶油鮭魚義大利麵,210,27
615,青醬海鮮義大利麵,210,27
616,義式肉醬義大利麵,180,27
617,香辣雞肉義大利麵,180,27
618,香辣海鮮義大利麵,210,27
619,泡菜燒肉義大利麵,210,27
620,辣炒鹹豬肉義大利麵,210,27
621,白酒海鮮義大利麵,210,27
622,野菇蔬菜義大利麵,180,27
623,奶油培根義式燉飯,180,27
624,奶油雞肉義式燉飯,180,27
625,奶油鮭魚義式燉飯,210,27
626,青醬海鮮義式燉飯,210,27
627,義式肉醬義式燉飯,180,27
628,香辣雞肉義式燉飯,180,27
629,香辣海鮮義式燉飯,210,27
630,泡菜燒肉義式燉飯,210,27
631,辣炒鹹豬肉義式燉飯,210,27
632,白酒海鮮義式燉飯,210,27
633,野菇蔬菜義式燉飯,180,27
634,紅燒牛腱燉飯,200,27
635,海鮮咖哩燉飯,200,27
636,麻油雞燉飯,200,27
637,松露野菇燉飯,200,27
638,椒麻炸豆腐,100,28
639,泰式烘蛋,100,28
640,泰式春捲,100,28
641,沙嗲,160,28
642,烤牛小排,200,28
643,檸檬烤豬肉,160,28
644,金錢蝦餅,200,28
645,月亮蝦餅,200,28
646,銀芽肉絲,130,28
647,雲筍炒肉絲,130,28
648,雲南小炒,130,28
649,打拋豬肉/雞,150,28
650,泰味乾椒雞,170,28
651,鳳梨雞柳,170,28
652,番茄辣炒豬/雞,170,28
653,番茄辣炒牛,200,28
654,香茅辣炒豬/雞,180,28
655,香茅辣炒牛,200,28
656,椰汁雞肉,180,28
657,紅/綠咖哩雞,180,28
658,酸辣脆皮雞,180,28
659,椰香脆皮雞,180,28
660,綠椰香脆皮雞,180,28
661,椰汁牛肉,200,28
662,綠/紅咖哩牛,200,28
663,雲筍悶牛腩,200,28
664,涼拌木瓜,120,28
665,檸檬茄子,120,28
666,涼拌肌肉,160,28
667,涼拌牛肉,18,28
668,雲南大薄片,160,28
669,椒麻雞,160,28
670,泰式檸檬雞,160,28
671,泰式蔥油雞,200,28
672,蒜泥白肉,160,28
673,泰北辣拌豬肉,180,28
674,涼拌花枝/海鮮,180,28
675,涼拌生蝦,180,28
676,蝦仁豆腐,160,28
677,鳳梨蝦仁,180,28
678,辣炒花枝/ 海鮮/草蝦,180,28
679,辣炒螃蟹,250,28
680,泰式海鮮豆腐,180,28
681,綠咖哩草蝦/海鮮,200,28
682,奶油滑蛋蟹肉,200,28
683,冬粉蝦煲,180,28
684,咖哩蝦/花枝,200,28
685,咖哩蟹,200,28
686,香酥酸辣魚,250,28
687,清蒸檸檬魚,250,28
688,椰香魚,250,28
689,番茄紅燒魚,250,28
690,檸檬炸全魚,250,28
691,清蒸蠔油魚,250,28
692,蠔油炒芥藍,100,28
693,辣炒高麗菜,100,28
694,雲醬高麗菜,100,28
695,蝦醬高麗菜,100,28
696,豆腐乳炒高麗菜,100,28
697,清炒高麗菜,100,28
698,辣炒空心菜,100,28
699,蝦醬空心菜,100,28
700,豆腐乳炒空心菜,100,28
701,清炒空心菜,100,28
702,什錦蔬菜,100,28
703,椰汁翡翠豆腐,160,28
704,雲醬茄子,130,28
705,蝦醬四季豆,150,28
706,打拋四季豆,160,28
707,辣味炒河粉,100,28
708,蝦醬炒飯,100,28
709,蝦仁炒飯,100,28
710,蟹肉蛋炒飯,100,28
711,鳳梨炒飯,120,28
712,打拋豬肉飯,100,28
713,椒麻雞肉飯,100,28
714,泰味乾椒雞肉飯,100,28
715,椰香脆皮雞肉飯,120,28
716,綠椰香脆皮雞肉飯,120,28
717,紅咖哩雞肉飯,120,28
718,無敵泰式海鮮酸辣湯麵,580,29
719,泰式海鮮酸辣湯麵,280,29
720,泰式酸辣湯牛肉麵,260,29
721,綠咖哩海鮮湯麵,280,29
722,綠咖哩牛肉湯麵,260,29
723,綠咖哩雞肉湯麵,230,29
724,南薑野菇海鮮湯麵,280,29
725,南薑野菇雞湯麵,230,29
726,無敵泰式海鮮酸辣河粉,580,29
727,泰式海鮮酸辣河粉,280,29
728,泰式酸辣湯牛肉河粉,260,29
729,綠咖哩海鮮河粉,280,29
730,綠咖哩牛肉河粉,260,29
731,綠咖哩雞肉河粉,230,29
732,南薑野菇海鮮河粉,280,29
733,南薑野菇雞河粉,230,29
734,泰式炒河粉,260,29
735,綠咖哩海鮮飯,280,29
736,綠咖哩牛肉飯,260,29
737,綠咖哩雞肉飯,230,29
738,綠咖哩豬排飯,230,29
739,紅咖哩海鮮飯,260,29
740,紅咖哩海鮮飯,280,29
741,紅咖哩牛肉飯,260,29
742,紅咖哩雞肉飯,230,29
743,紅咖哩豬排飯,260,29
744,打拋豬飯,210,29
745,泰式酸辣涼拌海鮮,120,29
746,金錢蝦餅,120,29
747,羅望醬榨糖心蛋,120,29
748,泰式炸春捲,120,29
749,蝦醬空心菜,120,29
750,蝦醬花椰菜,120,29
751,青木瓜沙拉,120,29
752,泰式酸辣海鮮湯,120,29
753,泰式南薑野菇雞湯,120,29
754,過橋米線/河粉,110,30
755,擺夷小郭米線/河粉,110,30
756,麻辣鍋米線/河粉,110,30
757,泡菜鍋米線/河粉,110,30
758,酸辣海鮮湯河粉,120,30
759,泰味辣炒河粉,100,30
760,紹子米線(乾),85,30
761,涼拌米線,85,30
762,現炸排骨飯,90,30
763,打拋豬肉飯,95,30
764,椒麻雞肉飯,95,30
765,泰式咖哩雞肉飯,100,30
766,蝦仁炒飯,95,30
767,鳳梨蝦仁炒飯,95,30
768,蝦醬空心菜/高麗菜,95,30
769,豆腐乳空心菜/高麗菜,95,30
770,雲醬高麗菜,95,30
771,雲醬茄子,95,30
772,泰式辣炒茄,95,30
773,什錦蔬菜,95,30
774,雲筍烘蛋,100,30
775,蝦仁烘蛋,100,30
776,打拋豬肉,120,30
777,打拋四季豆,120,30
778,鳳梨椰汁蝦/海鮮,120,30
779,椰汁雞/牛,120,30
780,綠椰汁雞/牛,130,30
781,番茄辣炒雞/牛,120,30
782,雲式泡菜炒肉,130,30
783,雲筍炒肉絲,130,30
784,苦瓜炒肉絲,130,30
785,泰式咖哩雞肉,150,30
786,蝦仁豆腐,130,30
787,泰式咖哩蝦/花枝,140,30
788,泰式炒海鮮/花枝,130,30
789,泰式三味鱸魚,219,30
790,清蒸檸檬魚,219,30
791,青木瓜雞湯,100,30
792,苦瓜肉圓湯,100,30
793,酸辣海鮮湯,120,30
794,酸辣蝦湯,120,30
795,炭烤泰式雞腿飯,100,31
796,炭烤霜降豬肉飯,110,31
797,炭烤香茅豬排飯,100,31
798,泰北打拋碎肉飯,100,31
799,椰汁咖哩雞飯,100,31
800,特味香經雞飯,100,31
801,泰式打拋豬飯/麵,95,32
802,泰式打拋牛飯/麵,100,32
803,紅咖哩雞肉飯,100,32
804,綠咖哩雞肉飯,100,32
805,鮮蝦咖哩嫩蛋飯,110,32
806,泰式椒麻雞丁飯,120,32
807,泰式酸辣海鮮湯河粉/麵,120,32
808,蔬食咖哩嫩蛋飯,95,32
809,香嫩雞肉咖哩,150,33
810,製燒起司烤豚肉咖哩,150,33
811,招牌橫濱直火牛肉咖哩,150,33
812,雙拼(牛加豚肉),250,33
813,晚上限定黑咖哩,180,33
814,翼板牛排咖哩蓋飯,350,33
815,無名牛肉咖哩,150,34
816,無名雞肉咖哩,160,34
817,無名牛肉咖哩白飯增量,140,34
818,無名雞肉咖哩白飯增量,150,34
819,鰻魚定食,340,35
820,鯖魚定食,200,35
821,秋刀魚定食,170,35
822,烤雞腿定食,170,35
823,炸豬排定食,170,35
824,鰻魚飯,310,35
825,鯖魚飯,170,35
826,秋刀魚飯,130,35
827,烤雞腿飯,130,35
828,豬排丼,120,35
829,親子丼,100,35
830,牛丼,150,35
831,咖哩飯,120,35
832,日式便當,120,35
833,鍋燒烏龍麵,110,35
834,鍋燒翡翠麵,120,35
835,日式涼麵,80,35
836,青蔥玉子丼,129,36
837,及上滑蛋丼,159,36
838,番茄滑蛋丼,159,36
839,韓式泡菜丼,129,36
840,薑燒野菜丼,139,36
841,濃厚起司丼,169,36
842,綜合溫葉菜丼,129,36
843,麻婆豆腐丼,169,36
844,香辣美乃滋丼,139,36
845,宇治金時刨冰,159,36
846,伊賀忍者刨冰,169,36
847,黑秘黃粉刨冰,169,36
848,日本畢業旅行刨冰,149,36
849,炸雞咖哩飯,150,37
850,炸豬排咖哩飯,150,37
851,牛肉咖哩飯,170,37
852,鴨胸咖哩飯,180,37
853,野菇咖哩飯,125,37
854,雞肉沙拉,100,37
855,水果沙拉,100,37
856,泡菜鍋,130,38
857,海鮮泡菜鍋,150,38
858,豆腐鍋,130,38
859,海鮮豆腐鍋,150,38
860,蛤蜊豆腐鍋,130,38
861,韓式辣牛肉湯飯,150,38
862,牛肉湯飯,150,38
863,辛辣豆腐煲,150,38
864,韓式湯年糕,150,38
865,韓式牛烤肉飯,150,38
866,韓式豬烤肉飯,150,38
867,石鍋牛肉拌飯,160,38
868,石鍋豬肉拌飯,150,38
869,牛肉拌飯,130,38
870,豬肉拌飯,120,38
871,泡菜炒飯,130,38
872,海鮮餅,170,38
873,泡菜餅,170,38
874,韓式辣炒年糕,150,38
875,烤去骨牛排,350,38
876,銅盤烤牛肉,250,38
877,銅盤烤豬肉,240,38
878,銅盤海陸總匯,300,38
879,春川雞肉煲,250,38
880,部隊鍋,300,38
881,韓國人蔘雞湯,400,38
882,牛尾湯,220,38
883,蛤蜊湯,150,38
884,三鮮炸醬麵,130,38
885,三仙炸醬飯,130,38
886,三鮮炒碼麵(辣),130,38
887,三鮮炒碼飯(辣),130,38
888,山東燒雞,170,38
889,涼拌海蜇皮,220,38
890,涼拌魷魚,250,38
891,糖醋肉,250,38
892,韓式炸肉,250,38
893,炸蝦仁,250,38
894,梅花肉炒泡菜,220,38
895,辣炒五花肉,220,38
896,辣炒魷魚,250,38
897,韓式牛肉,220,38
898,韓式豬肉,220,38
899,三鮮炒冬粉,220,38
900,韓式涼拌冬粉,220,38
901,蛤蜊白菜,120,38
902,麻醬麵,40,39
903,紅醋乾麵,40,39
904,紅油辣乾麵,45,39
905,香菇羹麵,70,39
906,鍋燒鮮蔬意麵,70,39
907,鮮蔬菇湯麵,85,39
908,何首烏藥膳湯麵,85,39
909,何首烏藥膳鍋,120,39
910,泡菜臭豆腐鍋,120,39
911,咖哩豆腐鍋,110,39
912,鮮蔬豆腐鍋,110,39
913,香菇羹湯,50,39
914,鮮蔬菇湯,50,39
915,何首烏藥膳湯,50,39
916,咖哩鮮蔬鍋燒意麵,85,39
917,咖哩鮮蔬烏龍麵,85,39
918,咖哩鮮蔬湯麵,85,39
919,麻醬麵(大),60,39
920,紅醋乾麵(大),60,39
921,紅油辣乾麵(大),65,39
922,香菇羹麵(大),90,39
923,鍋燒鮮蔬意麵(大),90,39
924,鮮蔬菇湯麵(大),105,39
925,何首烏藥膳湯麵(大),105,39
926,咖哩鮮蔬鍋燒意麵(大),105,39
927,咖哩鮮蔬烏龍麵(大),105,39
928,咖哩鮮蔬湯麵(大),105,39
929,現滷雞腿飯,100,40
930,泰式雞塊飯,100,40
931,現炸雞排飯,100,40
932,香菇雞腿燴飯,100,40
933,印度咖哩雞飯,100,40
934,塔香三杯雞飯,100,40
935,黑胡椒牛柳飯,100,40
936,紅燒牛腩飯,100,40
937,沙茶牛肉飯,100,40
938,現炸鱈食飯,100,40
939,現炸鮭魚飯,100,40
940,現炸鯛魚飯,100,40
941,現炸排骨飯,100,40
942,糖醋排骨燴飯,100,40
943,日式燒肉飯,100,40
944,蠔油里肌飯,100,40
945,羅漢齋(素食),100,40
946,蔥爆牛肉飯,100,41
947,蜜汁雞腿飯,100,41
948,醬爆肉汁飯,100,41
949,宮保雞丁飯,100,41
950,糖醋里肌飯,100,41
951,排骨飯,90,41
952,滑蛋蝦仁飯,90,41
953,蠔油牛肉飯,90,41
954,什錦燴飯,90,41
955,乾炒牛河,120,41
956,蝦仁炒飯,95,41
957,牛肉炒飯,90,41
958,肉絲炒飯,90,41
959,什錦炒飯,95,41
960,蝦仁炒飯,95,41
961,牛肉炒麵,90,41
962,肉絲炒麵,90,41
963,什錦炒麵,90,41
964,牛筋麵(湯/乾),220,42
965,半筋半肉麵(湯/乾),190,42
966,牛肉麵(湯/乾),140,42
967,牛肉蛋花湯麵,100,42
968,牛肉湯麵,90,42
969,牛肉汁乾麵,90,42
970,牛筋細粉,220,42
971,半筋半肉細粉,190,42
972,牛肉細粉,140,42
973,牛肉蛋花湯細粉,100,42
974,牛肉湯細粉,90,42
975,雞腿麵,110,42
976,鮮肉大餛飩麵,100,42
977,炸醬麵,90,42
978,手工豬肉水餃(每個),9,42
979,牛肉湯餃,130,42
980,豬肉湯餃,130,42
981,CAS 雞肉鍋,140,43
982,CAS 梅花豬肉鍋,140,43
983,澳洲培根牛肉鍋,150,43
984,美國培根牛肉鍋,150,43
985,CAS 黑毛培根牛肉鍋,150,43
986,蔬菜素食養生鍋,160,43
987,蛤蠣魚片鍋,180,43
988,蛤蠣鮮蝦鍋,180,43
989,蛤蠣魚片鮮蝦鍋,200,43
990,美國低脂牛肉鍋,200,43
991,澳洲特級小羔羊鍋,200,43
992,美國特級雪花牛肉鍋,220,43
993,日式味噌湯鍋(CAS 雞/CAS 豬/培根羊/培根牛),170,43
994,北海道牛奶鍋(CAS 雞/CAS 豬/培根羊/培根牛),170,43
995,義式番茄鍋(CAS 雞/CAS 豬/培根羊/培根牛),170,43
996,養生藥膳鍋(CAS 雞/CAS 豬/培根羊/培根牛),170,43
997,川味麻辣鍋(CAS 雞/CAS 豬/培根羊/培根牛),170,43
998,奶油培根麵,100,44
999,奶油蝦子麵,100,44
1000,大蒜香菇橄欖油麵,100,44
1001,大蒜蝦子橄欖油麵,100,44
1002,松子青醬麵,100,44
1003,腰果培根青醬麵,100,44
1004,奶油燻雞麵,100,44
1005,燻雞青醬麵,100,44
1006,番茄蔬菜湯,50,44
1007,墨西哥辣椒茄汁雞肉麵,170,45
1008,茴香雞肉奶油麵,170,45
1009,奶油菠菜嫩雞麵,180,45
1010,奶油蘑菇馬鈴薯義大利麵,190,45
1011,韓式泡菜牛肉麵,190,45
1012,南洋椰汁咖喱雞肉麵,200,45
1013,奶油鮮蝦義大利麵,200,45
1014,田園茄汁雞肉細扁麵,200,45
1015,白酒蛤蠣義大利麵,220,45
1016,蒜香野菇義大利麵,220,45
1017,泰式咖哩海鮮酸辣麵,230,45
1018,明太子雞肉細扁麵,240,45
1019,粉紅煙燻鮭魚麵,240,45
1020,青醬海鮮義大利麵,250,45
1021,XO 醬海鮮干貝細扁麵,260,45
1022,打拋豬肉飯,180,45
1023,奶油菠菜培根焗烤飯,190,45
1024,韓式泡菜牛肉飯,200,45
1025,咖哩豬排飯,200,45
1026,蒜香野菇麻油雞腿飯,210,45
1027,南瓜雞肉飯,230,45
1028,青醬野菇豬排飯,240,45
1029,水波野菇飯,250,45
1030,青醬海陸干貝飯,280,45
1031,兒童餐(12 歲以下),160,45
1032,義式肉醬麵,200,46
1033,松子青醬麵,200,46
1034,脆蒜拌炒辣菇培根麵,200,46
1035,脆蒜拌炒辣菇蔬菜麵,200,46
1036,奶黃培根麵,200,46
1037,火爆松子羅勒辣椒麵,200,46
1038,番茄起司洋菇麵,200,46
1039,玉蕈奶油麵,200,46
1040,鯷魚蘑菇麵,200,46
1041,香菠培根麵,200,46
1042,白酒蛤蜊麵,210,46
1043,青醬鯷魚蘑菇麵,220,46
1044,青醬培根面,230,46
1045,青醬蛤蜊麵,240,46
1046,素食彩椒麵,200,46
1047,杏仁片綠蘆筍葡萄乾起司麵,230,46
1048,煙燻乳酪燻雞麵,230,46
1049,松子拌炒菠菜培根麵,230,46
1050,紅茄乳酪煙燻鮭魚麵,250,46
1051,義式香草雞肉麵,250,46
1052,香茅番茄酸辣海鮮麵,280,46
1053,百里香油蕈辣腸麵,280,46
1054,聖女墨魚檸香冷麵,230,46
1055,煙燻鮭魚橙汁冷麵,280,46
1056,雪花培根肉醬燉飯,210,46
1057,德式香腸奶油南瓜燉飯,230,46
1058,燻雞奶油蘑菇燉飯,250,46
1059,紅酒煙燻香腸燉飯,250,46
1060,松子青醬蘑菇燉飯,250,46
1061,百里香油蕈松子時蔬燉飯,270,46
1062,百里香油蕈辣腸燉飯,280,46
1063,迷迭香月桂紅酒燉牛肉飯,260,46
1064,辣腸奶油蘑菇拌炒馬鈴薯,280,46
1065,阿華田雞腿飯,160,47
1066,阿華田豬頸肉飯,180,47
1067,泰東北三寶飯,175,47
1068,泰式炸雞飯,155,47
1069,炸豬五花飯,155,47
1070,泰式檸檬小卷飯,175,47
1071,泰式檸檬魚板飯,165,47
1072,咖哩牛腩飯,188,47
1073,咖哩豬頸肉飯,180,47
1074,咖哩雞腿飯,170,47
1075,咖哩炸豬五花飯,165,47
1076,咖哩蔬果飯,145,47
1077,紅咖哩豬頸肉乾拌麵(米線/河粉/雞蛋麵),188,47
1078,紅咖哩雞腿乾拌麵(米線/河粉/雞蛋麵),180,47
1079,冬蔭豬頸肉(媽媽麵/河粉/米線/雞蛋麵),180,47
1080,冬蔭海鮮(媽媽麵/河粉/米線/雞蛋麵),180,47
1081,冬蔭小卷(媽媽麵/河粉/米線/雞蛋麵),180,47
1082,冬蔭鮮蝦(媽媽麵/河粉/米線/雞蛋麵),165,47
1083,冬蔭雞腿(媽媽麵/河粉/米線/雞蛋麵),165,47
1084,佛統滷牛肉飯,188,47
1085,佛統滷牛肉麵,188,47
1086,牛肉,160,48
1087,豬肉,150,48
1088,羊肉,160,48
1089,菲力,220,48
1090,牛小排,220,48
1091,松阪豬,200,48
1092,雞腿排,200,48
1093,鮮蚵,160,48
1094,炒三鮮(花枝、蟳肉、蝦仁),200,48
1095,花枝,160,48
1096,蟳肉,160,48
1097,蝦仁,170,48
1098,沙拉煎蝦,220,48
1099,香煎鱈魚,160,48
1100,紅燒鱈魚,160,48
1101,香煎沙巴魚,160,48
1102,紅燒沙巴魚,160,48
1103,香煎鮭魚,160,48
1104,檸檬鯖魚,170,48
1105,紅酒菲力牛排,250,49
1106,黑胡椒菲力牛排,250,49
1107,黑胡椒沙朗牛排,210,49
1108,老饕雞腿排,190,49
1109,香橙雞腿排,190,49
1110,老饕豬排,180,49
1111,鱈魚排,150,49
1112,香橙鱈魚排,150,49
1113,海鮮總匯,200,49
1114,招牌鮮蚵,160,49
1115,打拋豬肉(辣),150,49
1116,打拋牛肉(辣),150,49
1117,打拋雞肉(辣),150,49
1118,打拋羊肉(辣),150,49
1119,豬肉,140,49
1120,牛肉,140,49
1121,肌肉,140,49
1122,羊肉,140,49
1123,蝦仁,160,49
1124,花枝,150,49
1125,鮮蚵,150,49
1126,白飯,10,50
1127,雞油飯,20,50
1128,肉燥飯,35,50
1129,雞肉絲飯,45,50
1130,筒仔米飯,35,50
1131,魚鬆肉燥飯,45,50
1132,肉燥便當,70,50
1133,香腸便當,85,50
1134,焢肉便當,85,50
1135,豬腳便當,85,50
1136,鯖魚便當,85,50
1137,蝦捲便當,85,50
1138,炸干貝便當,85,50
1139,炸排骨便當,85,50
1140,魯排骨便當,85,50
1141,紅燒肉便當,85,50
1142,雞絲肉燥便當,85,50
1143,雞塊便當,90,50
1144,炸雞腿便當,90,50
1145,魯雞腿便當,90,50
1146,小雞排便當,90,50
1147,乾麵,40,50
1148,湯麵,40,50
1149,豬肝湯麵,60,50
1150,豬腳湯麵,80,50
1151,排骨湯麵,80,50
1152,雞腿湯麵,80,50
1153,台灣海鮮鍋,150,51
1154,台灣沙茶鍋,150,51
1155,台灣臭臭鍋,150,51
1156,台灣南瓜鍋,160,51
1157,台灣素食鍋,150,51
1158,日本咖哩鍋,160,51
1159,日本牛奶鍋,170,51
1160,韓國泡菜鍋,160,51
1161,韓國部隊鍋(附王子麵),180,51
1162,南義番茄鍋,160,51
1163,星國叻沙鍋,160,51
1164,泰國酸辣鍋,160,51
1165,東北酸菜白肉鍋,160,51
1166,蒙古養生藥膳鍋,160,51
1167,重慶經典麻辣鍋,170,51
1168,牛腩燴飯,120,52
1169,廣州燴飯,110,52
1170,咖哩肉片燴飯,100,52
1171,咖哩海鮮燴飯,110,52
1172,蝦仁滑蛋燴飯,110,52
1173,肉片滑蛋燴飯,100,52
1174,豉汁肉片燴飯,100,52
1175,豉汁蚵仔燴飯,120,52
1176,蛋包飯,90,52
1177,廣州炒飯,85,52
1178,什錦炒飯,85,52
1179,蝦仁蛋炒飯,85,52
1180,肉絲蛋炒飯,75,52
1181,火腿蛋炒飯,75,52
1182,生番茄炒飯,75,52
1183,什錦麵/米粉,85,52
1184,蚵仔麵/米粉,85,52
1185,肉絲麵/米粉,75,52
1186,豬肝麵/米粉,75,52
1187,海鮮粥,85,52
1188,什錦蔬菜咖哩飯,140,53
1189,起士薯餅咖哩飯,150,53
1190,炸百菇揚咖哩飯,150,53
1191,酥炸魚排咖哩飯,160,53
1192,日式豬排咖哩飯,170,53
1193,炸蝦天婦羅咖哩飯,180,53
1194,香酥雞腿排咖哩飯,180,53
1195,海陸雙拼咖哩飯,190,53
1196,雞肉沙拉台灣咖哩飯,220,53
1197,豬肉沙拉台灣咖哩飯,230,53
1198,牛肉沙拉台灣咖哩飯,240,53
1199,牛丼(小),75,54
1200,牛丼(中),89,54
1201,牛丼(大),99,54
1202,牛燒肉丼(小),89,54
1203,牛燒肉丼(中),99,54
1204,牛燒肉丼(大),109,54
1205,海苔溫玉牛丼(小),99,54
1206,海苔溫玉牛丼(中),109,54
1207,海苔溫玉牛丼(大),119,54
1208,韓式元氣牛丼(小),119,54
1209,韓式元氣牛丼(中),129,54
1210,韓式元氣牛丼(大),139,54
1211,大阪燒風牛丼(小),119,54
1212,大阪燒風牛丼(中),129,54
1213,大阪燒風牛丼(大),139,54
1214,炙燒起司牛丼(小),129,54
1215,炙燒起司牛丼(中),139,54
1216,炙燒起司牛丼(大),149,54
1217,豬丼(小),75,54
1218,豬丼(中),89,54
1219,豬丼(大),99,54
1220,薑燒豬肉丼(小),89,54
1221,薑燒豬肉丼(中),99,54
1222,薑燒豬肉丼(大),109,54
1223,韓式元氣豬丼(小),119,54
1224,韓式元氣豬丼(中),129,54
1225,韓式元氣豬丼(大),139,54
1226,炙燒起司豬丼(小),129,54
1227,炙燒起司豬丼(中),139,54
1228,炙燒起司豬丼(大),149,54
1229,炸豬排咖哩(小),139,54
1230,炸豬排咖哩(中),149,54
1231,炸豬排咖哩(大),159,54
1232,精緻咖哩(小),99,54
1233,精緻咖哩(中),109,54
1234,精緻咖哩(大),119,54
1235,牛丼咖哩(小),129,54
1236,牛丼咖哩(中),139,54
1237,牛丼咖哩(大),149,54
1238,豬丼咖哩(小),129,54
1239,豬丼咖哩(中),139,54
1240,豬丼咖哩(大),149,54
1241,濃湯極匠肉肉SP,300,55
1242,濃湯東京豚骨拉麵,220,55
1243,濃湯東京豚骨蔥拉麵,250,55
1244,濃湯東京背脂豚骨拉麵,250,55
1245,濃湯東京豚骨活力拉麵,280,55
1246,濃湯東京豚骨野菜拉麵,260,55
1247,濃湯東京豚骨海苔拉麵,260,55
1248,博多拉麵,180,55
1249,叉燒飯,120,55
1250,極匠特製豚骨咖哩飯,250,55
1251,特製豚骨拉麵(白濃/醬油/味噌/辣味/蒜味),138,56
1252,豚骨叉燒拉麵(白濃/醬油/味噌/辣味/蒜味),188,56
1253,炸豬大排拉麵(白濃/醬油/味噌/辣味/蒜味),158,56
1254,炸雞塊拉麵(白濃/醬油/味噌/辣味/蒜味),158,56
1255,海鮮拉麵(白濃/醬油/味噌/辣味/蒜味),248,56
1256,野菜拉麵(白濃/醬油/味噌/辣味/蒜味),128,56
1257,炸蝦烏龍麵,148,56
1258,炸豬大排烏龍麵,148,56
1259,讚岐烏龍麵,128,56
1260,炸雞塊烏龍麵,148,56
1261,里肌丼,149,56
1262,親子丼,129,56
1263,天丼,159,56
1264,豚肉丼,108,56
1265,牛肉丼,118,56
1266,什錦炒飯,149,56
1267,肉絲炒飯,149,56
1268,鮮蝦番茄炒飯,159,56
1269,牛肉炒飯,159,56
1270,炸豬大排定食,169,56
1271,炸豬里肌定食,179,56
1272,唐揚雞塊定食,159,56
1273,天婦羅定食,169,56
1274,肉丁咖哩飯,79,56
1275,炸竹莢魚咖哩飯/烏龍麵,99,56
1276,炸可樂餅咖哩飯/烏龍麵,99,56
1277,炸蝦咖哩飯/烏龍麵,99,56
1278,炸豬大排咖哩飯/烏龍麵,99,56
1279,炸豬里肌咖哩飯/烏龍麵,119,56
1280,白湯拉麵,230,57
1281,豐盛白湯拉麵,300,57
1282,叉燒白湯拉麵,300,57
1283,高麗菜白湯拉麵,260,57
1284,蔥爆彈白湯拉麵,300,57
1285,赤湯拉麵,260,57
1286,豐盛赤湯拉麵,330,57
1287,叉燒赤湯拉麵,330,57
1288,高麗菜赤湯拉麵,290,57
1289,蔥爆彈赤湯拉麵,330,57
1290,海湯拉麵,260,57
1291,豐盛海湯拉麵,330,57
1292,叉燒海湯拉麵,330,57
1293,高麗菜海湯拉麵,290,57
1294,蔥爆彈海湯拉麵,330,57
1295,白湯沾麵,250,57
1296,赤湯沾麵,280,57
1297,海湯沾麵,280,57
1298,大盛里肌豬排蓋飯(大盛),180,58
1299,大盛里肌豬排蓋飯(特盛),270,58
1300,和風豬排蛋蓋飯(大盛),180,58
1301,和風豬排蛋蓋飯(特盛),270,58
1302,咖哩豬排蛋包飯(大盛),230,58
1303,咖哩豬排蛋包飯(特盛),320,58
1304,柴魚燒豬排蛋包飯(大盛),230,58
1305,柴魚燒豬排蛋包飯(特盛),320,58
1306,pineapple 豬排蛋包飯(大盛),230,58
1307,pineapple 豬排蛋包飯(特盛),320,58
1308,韓式鍋燒豬肉(平日午餐供應),120,59
1309,韓式鍋燒雞肉(平日午餐供應),120,59
1310,香煎青魚,130,59
1311,韓式拌飯,120,59
1312,石鍋拌飯,130,59
1313,辣豆腐湯(飯/麵/冬粉),130,59
1314,蔘雞湯,130,59
1315,泡菜鍋,130,59
1316,麻辣排骨鍋,140,59
1317,辣牛肉湯,140,59
1318,麻辣雞鍋,140,59
1319,泡菜什錦炒麵(平日午餐供應),120,59
1320,三鮮炸醬麵,130,59
1321,韓國泡麵,100,59
1322,海鮮煎餅,160,59
1323,泡菜煎餅,140,59
1324,辣炒年糕(大),100,59
1325,辣炒年糕(小),60,59
1326,炒青菜,50,59
1327,蝦仁蛋炒飯,150,60
1328,泡菜炒飯,150,60
1329,烤肉飯(牛/豬/羊),150,60
1330,海鮮嫩豆腐鍋(辣/不辣),150,60
1331,蛤蜊豆腐味噌鍋(辣/不辣),150,60
1332,石鍋拌飯(牛/豬/羊),150,60
1333,蔬菜拌飯(牛/豬/羊),150,60
1334,起司海鮮拉麵(辣/不辣),150,60
1335,豬肉泡菜鍋,150,60
1336,海鮮泡菜鍋,160,60
1337,海鮮炒碼麵(飯)(辣/不辣),160,60
1338,韓式三鮮炸醬麵(飯),160,60
1339,辣炒魷魚燴飯,160,60
1340,辣炒五花燴飯,160,60
1341,牛肉湯泡飯,160,60
1342,辣牛肉湯泡飯,160,60
1343,人蔘雞腿湯,160,60
1344,馬鈴薯辣雞湯,160,60
1345,香川辣炒雞飯,160,60
1346,海鮮煎餅,320,61
1347,蔬菜煎餅(素食可),320,61
1348,韓式炒冬粉,320,61
1349,辣炒豬肉(限量販售),360,61
1350,辣炒年糕,240,61
1351,起司炒年糕,270,61
1352,石鍋蒸蛋,150,61
1353,有機嫩豆腐煲,220,61
1354,有機海鮮嫩豆腐煲,230,61
1355,牛肉片嫩豆腐煲,230,61
1356,傳統味噌煲,220,61
1357,海鮮味噌煲,230,61
1358,牛肉片味噌煲,230,61
1359,泡菜鍋,220,61
1360,韓式冷麵,220,61
1361,牛肉湯飯,250,61
1362,石鍋拌飯,220,61
1363,首爾拌飯,200,61
1364,白飯,20,61
1365,韓式烤肉飯(牛/豬/雞),100,62
1366,烤肉石鍋拌飯(牛/豬/雞),120,62
1367,蔬菜烤肉石鍋拌飯(牛/豬/雞),120,62
1368,泡菜烤肉石鍋拌飯(牛/豬/雞),130,62
1369,泡菜起司石鍋拌飯(牛/豬/雞),150,62
1370,起司辣雞石鍋拌飯(牛/豬/雞),140,62
1371,田園蔬菜飯,80,62
1372,海鮮豆腐鍋,100,62
1373,韓式大醬鍋,110,62
1374,韓式泡菜鍋,120,62
1375,韓式部隊鍋(附飯),130,62
1376,泡菜年糕鍋(附飯),130,62
1377,烤肉拌冬粉(夏季限定),130,62
1378,海帶芽蛋花湯,30,62
1379,6 盎司手打牛肉堡,220,63
1380,摩天雙層牛肉堡,320,63
1381,大顆蘑菇牛肉堡,260,63
1382,熔岩起司牛肉堡,240,63
1383,花生醬牛肉堡,240,63
1384,夏威夷牛肉堡,250,63
1385,老墨辣椒牛肉堡,250,63
1386,臘腸比薩牛肉堡,270,63
1387,密西根炸蒜牛肉堡,230,63
1388,BBQ 培根牛肉堡,240,63
1389,克里歐香煎雞腿堡,230,63
1390,鮮蝦牛肉堡,290,63
1391,洋基隊(The Yankees),270,63
1392,泰式炸雞腿堡,250,63
1393,松露未來堡(100% 純素蛋白),250,63
1394,煙燻鮭魚塔可餅,240,63
1395,紐奧良肌肉塔可餅,220,63
1396,哈里薩羊肉塔可餅,250,63
1397,香料檸檬牛排塔可餅,280,63
1398,鄉村田園沙拉,120,63
1399,嫩煎雞肉沙拉,200,63
1400,煙燻鮭魚沙拉,220,63
1401,鐵板牛排沙拉,260,63
1402,櫻花蝦義大利麵,110,64
1403,青醬野菇奶油義大利麵,125,64
1404,奶油培根義大利麵,130,64
1405,熬六小時肉醬義大利麵,130,64
1406,辣味雞肉番茄義大利麵,145,64
1407,香蒜中卷義大利麵,165,64
1408,青醬鮮蝦奶油義大利麵,170,64
1409,松露時蔬義大利麵(蔬食),165,64
1410,白酒蛤蜊義大利麵,175,64
1411,咖哩炸雞燉飯,135,64
1412,地中海奶油海鮮燉飯,175,64
1413,西岸牛肉起司堡,105,65
1414,東岸牛肉起司堡,115,65
1415,淘客雞腿起司堡,100,65
1416,夏威夷豬肉起司堡,115,65
1417,芝加哥經典熱狗堡,105,65
1418,墨西哥肉醬堡,115,65
1419,紅白雙併起司堡,170,65
1420,海陸雙併起司堡,175,65
1421,日式燒肉三明治,115,65
1422,田園蔬食三明治,90,65
1423,淘客雞塊(6 塊)　,60,65
1424,淘客雞塊(10 塊)　,90,65
1425,蔬菜可樂餅,70,65
1426,養生美味餐盒,100,65
1427,牛肉起司太陽蛋(早午餐全日供應),290,66
1428,義式蔬食烘蛋(早午餐全日供應),290,66
1429,走吧！一個人的法國(早午餐全日供應),300,66
1430,鄉村意識烤雞腿(早午餐全日供應),320,66
1431,墨西哥雞肉起司薄餅,260,66
1432,墨西哥牛肉起司薄餅,280,66
1433,墨西哥海鮮起司薄餅,280,66
1434,義式野菇歐姆蛋,280,66
1435,香蔥鮪魚起司歐姆蛋,280,66
1436,韓式泡菜培根年糕歐姆蛋,290,66
1437,白酒蛤蠣義大利麵,300,66
1438,義式花香雞肉鳥巢麵,300,66
1439,西班牙檸檬蝦義大利麵,310,66
1440,奶油檸香干貝明太子義大利麵,310,66
1441,巴薩醋鴨胸義大利麵,320,66
1442,奶油松露干貝蟹肉麵,330,66
1443,蘇炸牡蠣菠菜霜降鳥巢麵,350,66
1444,奧斯陸燻鮭奶油義大利麵,360,66
1445,海膽海鮮義大利麵,380,66
1446,瓦倫西亞雞肉燉飯,330,66
1447,黑松露野菇燉飯,360,66
1448,炙燒燻鮭魚燉飯,380,66
1449,海膽奶油軟殼蟹燉飯,430,66
1450,番茄德腸燻雞焗烤筆管麵/細扁麵,270,66
1451,奶油松露培根焗烤筆管麵/細扁麵,270,66
1452,奶油乳酪焗烤筆管麵/細扁麵,280,66
1453,碳烤泰式雞腿飯,120,67
1454,碳烤霜降豬排飯,120,67
1455,碳烤香茅豬排飯,110,67
1456,椰汁咖哩雞飯,110,67
1457,泰北打拋碎肉飯,110,67
1458,泰醬烤魚飯,130,67
1459,紅/綠椰汁咖哩雞定食,238,68
1460,紅/綠椰汁咖哩豬定食,238,68
1461,紅/綠椰汁咖哩蔬果定食(蛋奶素),238,68
1462,泰南黃金咖哩雞定食,238,68
1463,紅椰汁咖哩大蝦定食,268,68
1464,打拋羅勒雞肉定食,218,68
1465,打拋羅勒豬肉定食,228,68
1466,打拋羅勒牛肉定食,238,68
1467,沙嗲豬肉串定食,218,68
1468,沙嗲牛肉串定食,238,68
1469,湄南羅望子牛柳定食,268,68
1470,湄南羅望子大蝦定食,268,68
1471,泰北脆皮椒麻雞腿肉定食,238,68
1472,蝦醬炒飯,168,68
1473,泰式炒河粉,168,68
1474,鳳梨炒飯,198,68
1475,酸辣海鮮炒公仔麵,198,68
1476,酸辣海鮮涼拌公仔麵,198,68
1477,泰式奶茶(冰/熱),70,68
1478,乾麵/板條/泡麵(小),35,69
1479,乾麵/板條/泡麵(大),50,69
1480,麻醬麵/板條/泡麵(小),40,69
1481,麻醬麵/板條/泡麵(大),60,69
1482,醡醬麵/板條/泡麵(小),45,69
1483,醡醬麵/板條/泡麵(大),65,69
1484,臭魯麵/板條/泡麵(小),60,69
1485,臭魯麵/板條/泡麵(大),80,69
1486,南瓜乾拌麵/板條/泡麵(小),60,69
1487,南瓜乾拌麵/板條/泡麵(大),80,69
1488,義式番茄麵/板條/泡麵(小),60,69
1489,義式番茄麵/板條/泡麵(大),80,69
1490,珍饌乾拌麵/板條/泡麵(小),70,69
1491,陽春麵/板條/泡麵(小),35,69
1492,陽春麵/板條/泡麵(大),50,69
1493,豆包麵/板條/泡麵(小),45,69
1494,豆包麵/板條/泡麵(大),60,69
1495,味噌麵/板條/泡麵(小),60,69
1496,味噌麵/板條/泡麵(大),75,69
1497,當歸麵/板條/泡麵(小),65,69
1498,當歸麵/板條/泡麵(大),80,69
1499,紅燒麵/板條/泡麵(小),65,69
1500,紅燒麵/板條/泡麵(大),80,69
1501,泡菜麵/板條/泡麵(小),65,69
1502,泡菜麵/板條/泡麵(大),80,69
1503,素排麵/板條/泡麵(小),65,69
1504,素排麵/板條/泡麵(大),80,69
1505,麻辣臭豆腐麵/板條/泡麵(小),70,69
1506,麻辣臭豆腐麵/板條/泡麵(大),85,69
1507,蔬菜什錦麵/板條/泡麵(小),70,69
1508,蔬菜什錦麵/板條/泡麵(大),85,69
1509,南瓜椰香麵/板條/泡麵(小),70,69
1510,南瓜椰香麵/板條/泡麵(大),85,69
1511,茄汁椰香麵/板條/泡麵(小),70,69
1512,茄汁椰香麵/板條/泡麵(大),85,69
1513,素香飯(小),25,69
1514,素香飯(大),40,69
1515,臭魯飯,50,69
1516,素便當,70,69
1517,南瓜飯,70,69
1518,茄汁蓋飯,70,69
1519,泡菜蓋飯,70,69
1520,臭豆腐丼飯,70,69
1521,香樁石鍋拌飯(限內用),100,69
1522,椒麻石鍋拌飯(限內用),100,69
1523,水餃(10 個),60,69
1524,豆包湯餃(6 個),65,69
1525,味噌湯餃(6 個),70,69
1526,當歸/紅燒湯餃(6 個),75,69
1527,什錦/泡菜湯餃(6 個),80,69
1528,茄汁/南瓜湯餃(6 個),80,69
1529,自助餐,,70
1530,自助餐,,71
1531,水煮嫩雞胸便當,100,72
1532,韓式菇菇雞便當,110,72
1533,泡菜豬里肌便當,110,72
1534,清滷牛腱便當,130,72
1535,蒜泥豬里肌便當,100,72
1536,香滷雞腿便當,100,72
1537,鹽烤鯖魚便當,110,72
1538,水煮嫩雞胸便當,100,72
1539,韓式菇菇雞便當,110,72
1540,泡菜豬里肌便當,110,72
1541,清滷牛腱便當,130,72
1542,蒜泥豬里肌便當,100,72
1543,香滷雞腿便當,100,72
1544,鹽烤鯖魚便當,110,72
1545,麻油雞麵/飯,75,73
1546,香菇雞麵/飯,75,73
1547,四物雞麵/飯,75,73
1548,大滷麵,55,73
1549,番茄肉醬麵,55,73
1550,切仔麵,40,73
1551,麻婆豆腐麵/飯,40,73
1552,餛飩麵,40,73
1553,酸辣餛飩麵,55,73
1554,魷魚羹麵,40,73
1555,肉羹麵,40,73
1556,紅油炒手麵,55,73
1557,紅油炒手,40,73
1558,貢丸麵,40,73
1559,魚丸麵,40,73
1560,擔仔麵,40,73
1561,乾麵,40,73
1562,魚酥羹麵,40,73
1563,酸辣麵,40,73
1564,八寶肉醬麵,45,73
1565,牛肉麵,80,73
1566,羅宋番茄燴飯,70,73
1567,餛飩乾麵,45,73
1568,酸辣湯餃,65,73
1569,水餃(13 個),55,73
1570,滷肉飯,20,73
1571,香菇雞湯,55,73
1572,鳳爪香菇湯,40,73
1573,四物雞湯,55,73
1574,餛飩湯,35,73
1575,酸辣湯,35,73
1576,貢丸湯,20,73
1577,魚丸湯,20,73
1578,燙青菜,30,73
1579,嫩煎牛排,100,74
1580,特製豬排,100,74
1581,去骨雞腿排,100,74
1582,蔬菜鐵板麵,50,74
1583,鐵板雞肉飯(麵),65,74
1584,鐵板牛肉飯(麵),80,74
1585,鐵板豬肉飯(麵),75,74
1586,鐵板蔬菜燒飯,50,74
1587,豬排丼,60,75
1588,親子丼,60,75
1589,牛丼,65,75
1590,燒肉丼,60,75
1591,中華丼,60,75
1592,照燒豬排丼,55,75
1593,和風豬肉丼,60,75
1594,和風雞肉丼,60,75
1595,日式炸雞丼,65,75
1596,日式豬排飯,60,75
1597,起司豬排丼,65,75
1598,乳酪豬排丼,75,75
1599,可樂餅丼,65,75
1600,魚排丼,65,75
1601,海鮮丼,75,75
1602,野菜牛肉丼,75,75
1603,黃金炸蝦丼,75,75
1604,雙寶丼,75,75
1605,咖哩豬排飯,65,75
1606,咖哩雞排飯,65,75
1607,咖哩牛肉飯,70,75
1608,咖哩魚排飯,75,75
1609,咖哩可樂餅飯,75,75
1610,咖哩起司豬排飯,75,75
1611,咖哩乳酪豬排飯,85,75
1612,什錦烏龍麵,55,75
1613,泡菜烏龍麵,55,75
1614,素烏龍麵,65,75
1615,炒烏龍麵,65,75
1616,泡菜炒烏龍麵,65,75
1617,強棒拉麵(豚骨),60,75
1618,燒肉拉麵(豚骨),60,75
1619,地獄拉麵,60,75
1620,咖哩飯,50,75
1621,豚骨泡飯,50,75
1622,青醬雞肉義大利麵/飯,70,76
1623,青醬肉丸義大利麵/飯,70,76
1624,青醬蛤蜊義大利麵/飯,70,76
1625,青醬火腿義大利麵/飯,70,76
1626,青醬培根義大利麵/飯,70,76
1627,青醬德式香腸義大利麵/飯,70,76
1628,青醬綜合鮮蔬義大利麵/飯,70,76
1629,茄汁雞肉義大利麵/飯,70,76
1630,茄汁肉丸義大利麵/飯,65,76
1631,茄汁蛤蜊義大利麵/飯,65,76
1632,茄汁火腿義大利麵/飯,65,76
1633,茄汁培根義大利麵/飯,65,76
1634,茄汁德式香腸義大利麵/飯,70,76
1635,茄汁綜合鮮蔬義大利麵/飯,65,76
1636,奶油雞肉義大利麵/飯,70,76
1637,奶油肉丸義大利麵/飯,70,76
1638,奶油蛤蜊義大利麵/飯,70,76
1639,奶油火腿義大利麵/飯,70,76
1640,奶油培根義大利麵/飯,55,76
1641,奶油德式香腸義大利麵/飯,65,76
1642,奶油綜合鮮蔬義大利麵/飯,70,76
1643,番茄雞肉義式湯麵/飯,65,76
1644,番茄肉丸義式湯麵/飯,65,76
1645,泰式酸辣雞肉湯麵/飯,65,76
1646,泰式酸辣肉丸湯麵/飯,65,76
1647,特製酸辣雞肉湯麵/飯,65,76
1648,特製酸辣肉丸湯麵/飯,65,76
1649,咖哩肉丸義大利麵/飯,70,76
1650,咖哩蛤蜊義大利麵/飯,70,76
1651,咖哩火腿義大利麵/飯,70,76
1652,咖哩培根義大利麵/飯,70,76
1653,咖哩德式香腸義大利麵/飯,70,76
1654,咖哩綜合鮮蔬義大利麵/飯,70,76
1655,泰式辣炒雞肉飯,65,76
1656,泰式辣炒豬肉飯,65,76
1657,蒜香雞肉義大利麵/飯,65,76
1658,蒜香肉丸義大利麵/飯,65,76
1659,蒜香蛤蜊義大利麵/飯,65,76
1660,蒜香火腿義大利麵/飯,65,76
1661,蒜香培根義大利麵/飯,65,76
1662,蒜香德式香腸義大利麵/飯,65,76
1663,蒜香綜合鮮蔬義大利麵/飯,65,76
1664,自助餐,,77
1665,營養菜飯,35,78
1666,士林香雞飯,50,78
1667,酥炸花枝飯,50,78
1668,招牌雞柳飯,55,78
1669,豬腳飯,59,78
1670,黑胡椒雞排飯,59,78
1671,炸排骨飯,59,78
1672,控肉販,59,78
1673,炸雞腿飯,59,78
1674,滷雞腿飯,59,78
1675,秋刀魚飯,59,78
1676,肉魚販,59,78
1677,香酥魚排飯,59,78
1678,浦燒鰻魚飯,59,78
1679,香酥蝦捲飯,59,78
1680,卡啦雞腿飯,59,78
1681,糖醋排骨飯,59,78
1682,三杯雞飯,59,78
1683,椒麻雞飯,59,78
1684,黑胡椒洋蔥豬肉飯,59,78
1685,素食自助餐,50,79